-- MySQL dump 10.13  Distrib 5.7.40, for Linux (x86_64)
--
-- Host: localhost    Database: idm
-- ------------------------------------------------------
-- Server version	5.7.40

/*!40101 SET @OLD_CHARACTER_SET_CLIENT=@@CHARACTER_SET_CLIENT */;
/*!40101 SET @OLD_CHARACTER_SET_RESULTS=@@CHARACTER_SET_RESULTS */;
/*!40101 SET @OLD_COLLATION_CONNECTION=@@COLLATION_CONNECTION */;
/*!40101 SET NAMES utf8 */;
/*!40103 SET @OLD_TIME_ZONE=@@TIME_ZONE */;
/*!40103 SET TIME_ZONE='+00:00' */;
/*!40014 SET @OLD_UNIQUE_CHECKS=@@UNIQUE_CHECKS, UNIQUE_CHECKS=0 */;
/*!40014 SET @OLD_FOREIGN_KEY_CHECKS=@@FOREIGN_KEY_CHECKS, FOREIGN_KEY_CHECKS=0 */;
/*!40101 SET @OLD_SQL_MODE=@@SQL_MODE, SQL_MODE='NO_AUTO_VALUE_ON_ZERO' */;
/*!40111 SET @OLD_SQL_NOTES=@@SQL_NOTES, SQL_NOTES=0 */;

--
-- Table structure for table `SequelizeMeta`
--

DROP TABLE IF EXISTS `SequelizeMeta`;
/*!40101 SET @saved_cs_client     = @@character_set_client */;
/*!40101 SET character_set_client = utf8 */;
CREATE TABLE `SequelizeMeta` (
  `name` varchar(255) COLLATE utf8_unicode_ci NOT NULL,
  PRIMARY KEY (`name`),
  UNIQUE KEY `name` (`name`)
) ENGINE=InnoDB DEFAULT CHARSET=utf8 COLLATE=utf8_unicode_ci;
/*!40101 SET character_set_client = @saved_cs_client */;

--
-- Dumping data for table `SequelizeMeta`
--

LOCK TABLES `SequelizeMeta` WRITE;
/*!40000 ALTER TABLE `SequelizeMeta` DISABLE KEYS */;
INSERT INTO `SequelizeMeta` VALUES ('201802190000-CreateUserTable.js'),('201802190003-CreateUserRegistrationProfileTable.js'),('201802190005-CreateOrganizationTable.js'),('201802190008-CreateOAuthClientTable.js'),('201802190009-CreateUserAuthorizedApplicationTable.js'),('201802190010-CreateRoleTable.js'),('201802190015-CreatePermissionTable.js'),('201802190020-CreateRoleAssignmentTable.js'),('201802190025-CreateRolePermissionTable.js'),('201802190030-CreateUserOrganizationTable.js'),('201802190035-CreateIotTable.js'),('201802190040-CreatePepProxyTable.js'),('201802190045-CreateAuthZForceTable.js'),('201802190050-CreateAuthTokenTable.js'),('201802190060-CreateOAuthAuthorizationCodeTable.js'),('201802190065-CreateOAuthAccessTokenTable.js'),('201802190070-CreateOAuthRefreshTokenTable.js'),('201802190075-CreateOAuthScopeTable.js'),('20180405125424-CreateUserTourAttribute.js'),('20180612134640-CreateEidasTable.js'),('20180727101745-CreateUserEidasIdAttribute.js'),('20180730094347-CreateTrustedApplicationsTable.js'),('20180828133454-CreatePasswordSalt.js'),('20180921104653-CreateEidasNifColumn.js'),('20180922140934-CreateOauthTokenType.js'),('20181022103002-CreateEidasTypeAndAttributes.js'),('20181108144720-RevokeToken.js'),('20181113121450-FixExtraAndScopeAttribute.js'),('20181203120316-FixTokenTypesLength.js'),('20190116101526-CreateSignOutUrl.js');
/*!40000 ALTER TABLE `SequelizeMeta` ENABLE KEYS */;
UNLOCK TABLES;

--
-- Table structure for table `auth_token`
--

DROP TABLE IF EXISTS `auth_token`;
/*!40101 SET @saved_cs_client     = @@character_set_client */;
/*!40101 SET character_set_client = utf8 */;
CREATE TABLE `auth_token` (
  `access_token` varchar(255) NOT NULL,
  `expires` datetime DEFAULT NULL,
  `valid` tinyint(1) DEFAULT NULL,
  `user_id` varchar(36) DEFAULT NULL,
  `pep_proxy_id` varchar(255) DEFAULT NULL,
  PRIMARY KEY (`access_token`),
  UNIQUE KEY `access_token` (`access_token`),
  KEY `user_id` (`user_id`),
  KEY `pep_proxy_id` (`pep_proxy_id`),
  CONSTRAINT `auth_token_ibfk_1` FOREIGN KEY (`user_id`) REFERENCES `user` (`id`) ON DELETE CASCADE,
  CONSTRAINT `auth_token_ibfk_2` FOREIGN KEY (`pep_proxy_id`) REFERENCES `pep_proxy` (`id`) ON DELETE CASCADE
) ENGINE=InnoDB DEFAULT CHARSET=latin1;
/*!40101 SET character_set_client = @saved_cs_client */;

--
-- Dumping data for table `auth_token`
--

LOCK TABLES `auth_token` WRITE;
/*!40000 ALTER TABLE `auth_token` DISABLE KEYS */;
INSERT INTO `auth_token` VALUES ('03b6db95-63ee-410c-b18a-98451bca4104','2022-12-13 09:37:56',1,'admin',NULL);
/*!40000 ALTER TABLE `auth_token` ENABLE KEYS */;
UNLOCK TABLES;

--
-- Table structure for table `authzforce`
--

DROP TABLE IF EXISTS `authzforce`;
/*!40101 SET @saved_cs_client     = @@character_set_client */;
/*!40101 SET character_set_client = utf8 */;
CREATE TABLE `authzforce` (
  `az_domain` varchar(255) NOT NULL,
  `policy` char(36) CHARACTER SET latin1 COLLATE latin1_bin DEFAULT NULL,
  `version` int(11) DEFAULT NULL,
  `oauth_client_id` varchar(36) DEFAULT NULL,
  PRIMARY KEY (`az_domain`),
  KEY `oauth_client_id` (`oauth_client_id`),
  CONSTRAINT `authzforce_ibfk_1` FOREIGN KEY (`oauth_client_id`) REFERENCES `oauth_client` (`id`) ON DELETE CASCADE
) ENGINE=InnoDB DEFAULT CHARSET=latin1;
/*!40101 SET character_set_client = @saved_cs_client */;

--
-- Dumping data for table `authzforce`
--

LOCK TABLES `authzforce` WRITE;
/*!40000 ALTER TABLE `authzforce` DISABLE KEYS */;
/*!40000 ALTER TABLE `authzforce` ENABLE KEYS */;
UNLOCK TABLES;

--
-- Table structure for table `eidas_credentials`
--

DROP TABLE IF EXISTS `eidas_credentials`;
/*!40101 SET @saved_cs_client     = @@character_set_client */;
/*!40101 SET character_set_client = utf8 */;
CREATE TABLE `eidas_credentials` (
  `id` varchar(36) NOT NULL,
  `support_contact_person_name` varchar(255) DEFAULT NULL,
  `support_contact_person_surname` varchar(255) DEFAULT NULL,
  `support_contact_person_email` varchar(255) DEFAULT NULL,
  `support_contact_person_telephone_number` varchar(255) DEFAULT NULL,
  `support_contact_person_company` varchar(255) DEFAULT NULL,
  `technical_contact_person_name` varchar(255) DEFAULT NULL,
  `technical_contact_person_surname` varchar(255) DEFAULT NULL,
  `technical_contact_person_email` varchar(255) DEFAULT NULL,
  `technical_contact_person_telephone_number` varchar(255) DEFAULT NULL,
  `technical_contact_person_company` varchar(255) DEFAULT NULL,
  `organization_name` varchar(255) DEFAULT NULL,
  `organization_url` varchar(255) DEFAULT NULL,
  `oauth_client_id` varchar(36) DEFAULT NULL,
  `organization_nif` varchar(255) DEFAULT NULL,
  `sp_type` varchar(255) DEFAULT 'private',
  `attributes_list` json DEFAULT NULL,
  PRIMARY KEY (`id`),
  UNIQUE KEY `id` (`id`),
  UNIQUE KEY `oauth_client_id` (`oauth_client_id`),
  CONSTRAINT `eidas_credentials_ibfk_1` FOREIGN KEY (`oauth_client_id`) REFERENCES `oauth_client` (`id`) ON DELETE CASCADE
) ENGINE=InnoDB DEFAULT CHARSET=latin1;
/*!40101 SET character_set_client = @saved_cs_client */;

--
-- Dumping data for table `eidas_credentials`
--

LOCK TABLES `eidas_credentials` WRITE;
/*!40000 ALTER TABLE `eidas_credentials` DISABLE KEYS */;
/*!40000 ALTER TABLE `eidas_credentials` ENABLE KEYS */;
UNLOCK TABLES;

--
-- Table structure for table `iot`
--

DROP TABLE IF EXISTS `iot`;
/*!40101 SET @saved_cs_client     = @@character_set_client */;
/*!40101 SET character_set_client = utf8 */;
CREATE TABLE `iot` (
  `id` varchar(255) NOT NULL,
  `password` varchar(40) DEFAULT NULL,
  `oauth_client_id` varchar(36) DEFAULT NULL,
  `salt` varchar(255) DEFAULT NULL,
  PRIMARY KEY (`id`),
  KEY `oauth_client_id` (`oauth_client_id`),
  CONSTRAINT `iot_ibfk_1` FOREIGN KEY (`oauth_client_id`) REFERENCES `oauth_client` (`id`) ON DELETE CASCADE
) ENGINE=InnoDB DEFAULT CHARSET=latin1;
/*!40101 SET character_set_client = @saved_cs_client */;

--
-- Dumping data for table `iot`
--

LOCK TABLES `iot` WRITE;
/*!40000 ALTER TABLE `iot` DISABLE KEYS */;
/*!40000 ALTER TABLE `iot` ENABLE KEYS */;
UNLOCK TABLES;

--
-- Table structure for table `oauth_access_token`
--

DROP TABLE IF EXISTS `oauth_access_token`;
/*!40101 SET @saved_cs_client     = @@character_set_client */;
/*!40101 SET character_set_client = utf8 */;
CREATE TABLE `oauth_access_token` (
  `access_token` varchar(255) NOT NULL,
  `expires` datetime DEFAULT NULL,
  `scope` varchar(2000) DEFAULT NULL,
  `refresh_token` varchar(255) DEFAULT NULL,
  `valid` tinyint(1) DEFAULT NULL,
  `extra` json DEFAULT NULL,
  `oauth_client_id` varchar(36) DEFAULT NULL,
  `user_id` varchar(36) DEFAULT NULL,
  `iot_id` varchar(255) DEFAULT NULL,
  `authorization_code` varchar(255) DEFAULT NULL,
  PRIMARY KEY (`access_token`),
  UNIQUE KEY `access_token` (`access_token`),
  KEY `oauth_client_id` (`oauth_client_id`),
  KEY `user_id` (`user_id`),
  KEY `iot_id` (`iot_id`),
  KEY `refresh_token` (`refresh_token`),
  KEY `authorization_code_at` (`authorization_code`),
  CONSTRAINT `authorization_code_at` FOREIGN KEY (`authorization_code`) REFERENCES `oauth_authorization_code` (`authorization_code`) ON DELETE CASCADE,
  CONSTRAINT `oauth_access_token_ibfk_1` FOREIGN KEY (`oauth_client_id`) REFERENCES `oauth_client` (`id`) ON DELETE CASCADE,
  CONSTRAINT `oauth_access_token_ibfk_2` FOREIGN KEY (`user_id`) REFERENCES `user` (`id`) ON DELETE CASCADE,
  CONSTRAINT `oauth_access_token_ibfk_3` FOREIGN KEY (`iot_id`) REFERENCES `iot` (`id`) ON DELETE CASCADE,
  CONSTRAINT `refresh_token` FOREIGN KEY (`refresh_token`) REFERENCES `oauth_refresh_token` (`refresh_token`) ON DELETE CASCADE
) ENGINE=InnoDB DEFAULT CHARSET=latin1;
/*!40101 SET character_set_client = @saved_cs_client */;

--
-- Dumping data for table `oauth_access_token`
--

LOCK TABLES `oauth_access_token` WRITE;
/*!40000 ALTER TABLE `oauth_access_token` DISABLE KEYS */;
/*!40000 ALTER TABLE `oauth_access_token` ENABLE KEYS */;
UNLOCK TABLES;

--
-- Table structure for table `oauth_authorization_code`
--

DROP TABLE IF EXISTS `oauth_authorization_code`;
/*!40101 SET @saved_cs_client     = @@character_set_client */;
/*!40101 SET character_set_client = utf8 */;
CREATE TABLE `oauth_authorization_code` (
  `authorization_code` varchar(256) NOT NULL,
  `expires` datetime DEFAULT NULL,
  `redirect_uri` varchar(2000) DEFAULT NULL,
  `scope` varchar(2000) DEFAULT NULL,
  `valid` tinyint(1) DEFAULT NULL,
  `extra` json DEFAULT NULL,
  `oauth_client_id` varchar(36) DEFAULT NULL,
  `user_id` varchar(36) DEFAULT NULL,
  PRIMARY KEY (`authorization_code`),
  UNIQUE KEY `authorization_code` (`authorization_code`),
  KEY `oauth_client_id` (`oauth_client_id`),
  KEY `user_id` (`user_id`),
  CONSTRAINT `oauth_authorization_code_ibfk_1` FOREIGN KEY (`oauth_client_id`) REFERENCES `oauth_client` (`id`) ON DELETE CASCADE,
  CONSTRAINT `oauth_authorization_code_ibfk_2` FOREIGN KEY (`user_id`) REFERENCES `user` (`id`) ON DELETE CASCADE
) ENGINE=InnoDB DEFAULT CHARSET=latin1;
/*!40101 SET character_set_client = @saved_cs_client */;

--
-- Dumping data for table `oauth_authorization_code`
--

LOCK TABLES `oauth_authorization_code` WRITE;
/*!40000 ALTER TABLE `oauth_authorization_code` DISABLE KEYS */;
/*!40000 ALTER TABLE `oauth_authorization_code` ENABLE KEYS */;
UNLOCK TABLES;

--
-- Table structure for table `oauth_client`
--

DROP TABLE IF EXISTS `oauth_client`;
/*!40101 SET @saved_cs_client     = @@character_set_client */;
/*!40101 SET character_set_client = utf8 */;
CREATE TABLE `oauth_client` (
  `id` varchar(36) NOT NULL,
  `name` varchar(255) DEFAULT NULL,
  `description` text,
  `secret` char(36) CHARACTER SET latin1 COLLATE latin1_bin DEFAULT NULL,
  `url` varchar(2000) DEFAULT NULL,
  `redirect_uri` varchar(2000) DEFAULT NULL,
  `image` varchar(255) DEFAULT 'default',
  `grant_type` varchar(255) DEFAULT NULL,
  `response_type` varchar(255) DEFAULT NULL,
  `client_type` varchar(15) DEFAULT NULL,
  `scope` varchar(2000) DEFAULT NULL,
  `extra` json DEFAULT NULL,
  `token_types` varchar(2000) DEFAULT NULL,
  `jwt_secret` varchar(255) DEFAULT NULL,
  `redirect_sign_out_uri` varchar(2000) DEFAULT NULL,
  PRIMARY KEY (`id`),
  UNIQUE KEY `id` (`id`)
) ENGINE=InnoDB DEFAULT CHARSET=latin1;
/*!40101 SET character_set_client = @saved_cs_client */;

--
-- Dumping data for table `oauth_client`
--

LOCK TABLES `oauth_client` WRITE;
/*!40000 ALTER TABLE `oauth_client` DISABLE KEYS */;
INSERT INTO `oauth_client` VALUES ('85feb8f4-8f15-47f9-862a-ff9aac0b1190','Eshop','Eshop','202aa7f4-960c-4550-827e-63c9dd2ec7d0','http://localhost/login','http://localhost/welcome','default','authorization_code,implicit,password,client_credentials,refresh_token','code,token',NULL,NULL,NULL,NULL,NULL,''),('idm_admin_app','idm','idm',NULL,'','','default','','',NULL,NULL,NULL,NULL,NULL,NULL);
/*!40000 ALTER TABLE `oauth_client` ENABLE KEYS */;
UNLOCK TABLES;

--
-- Table structure for table `oauth_refresh_token`
--

DROP TABLE IF EXISTS `oauth_refresh_token`;
/*!40101 SET @saved_cs_client     = @@character_set_client */;
/*!40101 SET character_set_client = utf8 */;
CREATE TABLE `oauth_refresh_token` (
  `refresh_token` varchar(256) NOT NULL,
  `expires` datetime DEFAULT NULL,
  `scope` varchar(2000) DEFAULT NULL,
  `oauth_client_id` varchar(36) DEFAULT NULL,
  `user_id` varchar(36) DEFAULT NULL,
  `iot_id` varchar(255) DEFAULT NULL,
  `authorization_code` varchar(255) DEFAULT NULL,
  `valid` tinyint(1) DEFAULT NULL,
  PRIMARY KEY (`refresh_token`),
  UNIQUE KEY `refresh_token` (`refresh_token`),
  KEY `oauth_client_id` (`oauth_client_id`),
  KEY `user_id` (`user_id`),
  KEY `iot_id` (`iot_id`),
  KEY `authorization_code_rt` (`authorization_code`),
  CONSTRAINT `authorization_code_rt` FOREIGN KEY (`authorization_code`) REFERENCES `oauth_authorization_code` (`authorization_code`) ON DELETE CASCADE,
  CONSTRAINT `oauth_refresh_token_ibfk_1` FOREIGN KEY (`oauth_client_id`) REFERENCES `oauth_client` (`id`) ON DELETE CASCADE,
  CONSTRAINT `oauth_refresh_token_ibfk_2` FOREIGN KEY (`user_id`) REFERENCES `user` (`id`) ON DELETE CASCADE,
  CONSTRAINT `oauth_refresh_token_ibfk_3` FOREIGN KEY (`iot_id`) REFERENCES `iot` (`id`) ON DELETE CASCADE
) ENGINE=InnoDB DEFAULT CHARSET=latin1;
/*!40101 SET character_set_client = @saved_cs_client */;

--
-- Dumping data for table `oauth_refresh_token`
--

LOCK TABLES `oauth_refresh_token` WRITE;
/*!40000 ALTER TABLE `oauth_refresh_token` DISABLE KEYS */;
/*!40000 ALTER TABLE `oauth_refresh_token` ENABLE KEYS */;
UNLOCK TABLES;

--
-- Table structure for table `oauth_scope`
--

DROP TABLE IF EXISTS `oauth_scope`;
/*!40101 SET @saved_cs_client     = @@character_set_client */;
/*!40101 SET character_set_client = utf8 */;
CREATE TABLE `oauth_scope` (
  `id` int(11) NOT NULL AUTO_INCREMENT,
  `scope` varchar(255) DEFAULT NULL,
  `is_default` tinyint(1) DEFAULT NULL,
  PRIMARY KEY (`id`),
  UNIQUE KEY `id` (`id`)
) ENGINE=InnoDB DEFAULT CHARSET=latin1;
/*!40101 SET character_set_client = @saved_cs_client */;

--
-- Dumping data for table `oauth_scope`
--

LOCK TABLES `oauth_scope` WRITE;
/*!40000 ALTER TABLE `oauth_scope` DISABLE KEYS */;
/*!40000 ALTER TABLE `oauth_scope` ENABLE KEYS */;
UNLOCK TABLES;

--
-- Table structure for table `organization`
--

DROP TABLE IF EXISTS `organization`;
/*!40101 SET @saved_cs_client     = @@character_set_client */;
/*!40101 SET character_set_client = utf8 */;
CREATE TABLE `organization` (
  `id` varchar(36) NOT NULL,
  `name` varchar(64) DEFAULT NULL,
  `description` text,
  `website` varchar(2000) DEFAULT NULL,
  `image` varchar(255) DEFAULT 'default',
  PRIMARY KEY (`id`),
  UNIQUE KEY `id` (`id`)
) ENGINE=InnoDB DEFAULT CHARSET=latin1;
/*!40101 SET character_set_client = @saved_cs_client */;

--
-- Dumping data for table `organization`
--

LOCK TABLES `organization` WRITE;
/*!40000 ALTER TABLE `organization` DISABLE KEYS */;
/*!40000 ALTER TABLE `organization` ENABLE KEYS */;
UNLOCK TABLES;

--
-- Table structure for table `pep_proxy`
--

DROP TABLE IF EXISTS `pep_proxy`;
/*!40101 SET @saved_cs_client     = @@character_set_client */;
/*!40101 SET character_set_client = utf8 */;
CREATE TABLE `pep_proxy` (
  `id` varchar(255) NOT NULL,
  `password` varchar(40) DEFAULT NULL,
  `oauth_client_id` varchar(36) DEFAULT NULL,
  `salt` varchar(255) DEFAULT NULL,
  PRIMARY KEY (`id`),
  KEY `oauth_client_id` (`oauth_client_id`),
  CONSTRAINT `pep_proxy_ibfk_1` FOREIGN KEY (`oauth_client_id`) REFERENCES `oauth_client` (`id`) ON DELETE CASCADE
) ENGINE=InnoDB DEFAULT CHARSET=latin1;
/*!40101 SET character_set_client = @saved_cs_client */;

--
-- Dumping data for table `pep_proxy`
--

LOCK TABLES `pep_proxy` WRITE;
/*!40000 ALTER TABLE `pep_proxy` DISABLE KEYS */;
INSERT INTO `pep_proxy` VALUES ('pep_proxy_beed414b-2cc3-43e0-81d7-defc69b79444','a33241273423c02f5d61aa476862ce340f2aede9','85feb8f4-8f15-47f9-862a-ff9aac0b1190','be377dc0eb395557');
/*!40000 ALTER TABLE `pep_proxy` ENABLE KEYS */;
UNLOCK TABLES;

--
-- Table structure for table `permission`
--

DROP TABLE IF EXISTS `permission`;
/*!40101 SET @saved_cs_client     = @@character_set_client */;
/*!40101 SET character_set_client = utf8 */;
CREATE TABLE `permission` (
  `id` varchar(36) NOT NULL,
  `name` varchar(255) DEFAULT NULL,
  `description` text,
  `is_internal` tinyint(1) DEFAULT '0',
  `action` varchar(255) DEFAULT NULL,
  `resource` varchar(255) DEFAULT NULL,
  `xml` text,
  `oauth_client_id` varchar(36) DEFAULT NULL,
  PRIMARY KEY (`id`),
  UNIQUE KEY `id` (`id`),
  KEY `oauth_client_id` (`oauth_client_id`),
  CONSTRAINT `permission_ibfk_1` FOREIGN KEY (`oauth_client_id`) REFERENCES `oauth_client` (`id`) ON DELETE CASCADE
) ENGINE=InnoDB DEFAULT CHARSET=latin1;
/*!40101 SET character_set_client = @saved_cs_client */;

--
-- Dumping data for table `permission`
--

LOCK TABLES `permission` WRITE;
/*!40000 ALTER TABLE `permission` DISABLE KEYS */;
INSERT INTO `permission` VALUES ('1','Get and assign all internal application roles',NULL,1,NULL,NULL,NULL,'idm_admin_app'),('2','Manage the application',NULL,1,NULL,NULL,NULL,'idm_admin_app'),('3','Manage roles',NULL,1,NULL,NULL,NULL,'idm_admin_app'),('4','Manage authorizations',NULL,1,NULL,NULL,NULL,'idm_admin_app'),('5','Get and assign all public application roles',NULL,1,NULL,NULL,NULL,'idm_admin_app'),('6','Get and assign only public owned roles',NULL,1,NULL,NULL,NULL,'idm_admin_app');
/*!40000 ALTER TABLE `permission` ENABLE KEYS */;
UNLOCK TABLES;

--
-- Table structure for table `role`
--

DROP TABLE IF EXISTS `role`;
/*!40101 SET @saved_cs_client     = @@character_set_client */;
/*!40101 SET character_set_client = utf8 */;
CREATE TABLE `role` (
  `id` varchar(36) NOT NULL,
  `name` varchar(64) DEFAULT NULL,
  `is_internal` tinyint(1) DEFAULT '0',
  `oauth_client_id` varchar(36) DEFAULT NULL,
  PRIMARY KEY (`id`),
  UNIQUE KEY `id` (`id`),
  KEY `oauth_client_id` (`oauth_client_id`),
  CONSTRAINT `role_ibfk_1` FOREIGN KEY (`oauth_client_id`) REFERENCES `oauth_client` (`id`) ON DELETE CASCADE
) ENGINE=InnoDB DEFAULT CHARSET=latin1;
/*!40101 SET character_set_client = @saved_cs_client */;

--
-- Dumping data for table `role`
--

LOCK TABLES `role` WRITE;
/*!40000 ALTER TABLE `role` DISABLE KEYS */;
INSERT INTO `role` VALUES ('7dd82fa6-0704-488d-ba72-b4939a43132f','ProductSeller',0,'85feb8f4-8f15-47f9-862a-ff9aac0b1190'),('89ac8b47-8250-40b0-b22f-745e385fa8ea','Admin',0,'85feb8f4-8f15-47f9-862a-ff9aac0b1190'),('9a3df6e9-4147-4282-99a6-c0f52f11c15c','User',0,'85feb8f4-8f15-47f9-862a-ff9aac0b1190'),('provider','Provider',1,'idm_admin_app'),('purchaser','Purchaser',1,'idm_admin_app');
/*!40000 ALTER TABLE `role` ENABLE KEYS */;
UNLOCK TABLES;

--
-- Table structure for table `role_assignment`
--

DROP TABLE IF EXISTS `role_assignment`;
/*!40101 SET @saved_cs_client     = @@character_set_client */;
/*!40101 SET character_set_client = utf8 */;
CREATE TABLE `role_assignment` (
  `id` int(11) NOT NULL AUTO_INCREMENT,
  `role_organization` varchar(255) DEFAULT NULL,
  `oauth_client_id` varchar(36) DEFAULT NULL,
  `role_id` varchar(36) DEFAULT NULL,
  `organization_id` varchar(36) DEFAULT NULL,
  `user_id` varchar(36) DEFAULT NULL,
  PRIMARY KEY (`id`),
  KEY `oauth_client_id` (`oauth_client_id`),
  KEY `role_id` (`role_id`),
  KEY `organization_id` (`organization_id`),
  KEY `user_id` (`user_id`),
  CONSTRAINT `role_assignment_ibfk_1` FOREIGN KEY (`oauth_client_id`) REFERENCES `oauth_client` (`id`) ON DELETE CASCADE,
  CONSTRAINT `role_assignment_ibfk_2` FOREIGN KEY (`role_id`) REFERENCES `role` (`id`) ON DELETE CASCADE,
  CONSTRAINT `role_assignment_ibfk_3` FOREIGN KEY (`organization_id`) REFERENCES `organization` (`id`) ON DELETE CASCADE,
  CONSTRAINT `role_assignment_ibfk_4` FOREIGN KEY (`user_id`) REFERENCES `user` (`id`) ON DELETE CASCADE
) ENGINE=InnoDB AUTO_INCREMENT=6 DEFAULT CHARSET=latin1;
/*!40101 SET character_set_client = @saved_cs_client */;

--
-- Dumping data for table `role_assignment`
--

LOCK TABLES `role_assignment` WRITE;
/*!40000 ALTER TABLE `role_assignment` DISABLE KEYS */;
INSERT INTO `role_assignment` VALUES (2,NULL,'85feb8f4-8f15-47f9-862a-ff9aac0b1190','provider',NULL,'admin'),(3,NULL,'85feb8f4-8f15-47f9-862a-ff9aac0b1190','89ac8b47-8250-40b0-b22f-745e385fa8ea',NULL,'e1ef7b6b-a51d-45d5-965b-0672e5128d34'),(4,NULL,'85feb8f4-8f15-47f9-862a-ff9aac0b1190','7dd82fa6-0704-488d-ba72-b4939a43132f',NULL,'bf39d703-7bd7-4803-904b-a870f6081ded'),(5,NULL,'85feb8f4-8f15-47f9-862a-ff9aac0b1190','9a3df6e9-4147-4282-99a6-c0f52f11c15c',NULL,'400e4554-61ff-44e2-a38a-1a0b630b26dd');
/*!40000 ALTER TABLE `role_assignment` ENABLE KEYS */;
UNLOCK TABLES;

--
-- Table structure for table `role_permission`
--

DROP TABLE IF EXISTS `role_permission`;
/*!40101 SET @saved_cs_client     = @@character_set_client */;
/*!40101 SET character_set_client = utf8 */;
CREATE TABLE `role_permission` (
  `id` int(11) NOT NULL AUTO_INCREMENT,
  `role_id` varchar(36) DEFAULT NULL,
  `permission_id` varchar(36) DEFAULT NULL,
  PRIMARY KEY (`id`),
  KEY `role_id` (`role_id`),
  KEY `permission_id` (`permission_id`),
  CONSTRAINT `role_permission_ibfk_1` FOREIGN KEY (`role_id`) REFERENCES `role` (`id`) ON DELETE CASCADE,
  CONSTRAINT `role_permission_ibfk_2` FOREIGN KEY (`permission_id`) REFERENCES `permission` (`id`) ON DELETE CASCADE
) ENGINE=InnoDB AUTO_INCREMENT=8 DEFAULT CHARSET=latin1;
/*!40101 SET character_set_client = @saved_cs_client */;

--
-- Dumping data for table `role_permission`
--

LOCK TABLES `role_permission` WRITE;
/*!40000 ALTER TABLE `role_permission` DISABLE KEYS */;
INSERT INTO `role_permission` VALUES (1,'provider','1'),(2,'provider','2'),(3,'provider','3'),(4,'provider','4'),(5,'provider','5'),(6,'provider','6'),(7,'purchaser','5');
/*!40000 ALTER TABLE `role_permission` ENABLE KEYS */;
UNLOCK TABLES;

--
-- Table structure for table `trusted_application`
--

DROP TABLE IF EXISTS `trusted_application`;
/*!40101 SET @saved_cs_client     = @@character_set_client */;
/*!40101 SET character_set_client = utf8 */;
CREATE TABLE `trusted_application` (
  `id` int(11) NOT NULL AUTO_INCREMENT,
  `oauth_client_id` varchar(36) DEFAULT NULL,
  `trusted_oauth_client_id` varchar(36) DEFAULT NULL,
  PRIMARY KEY (`id`),
  KEY `oauth_client_id` (`oauth_client_id`),
  KEY `trusted_oauth_client_id` (`trusted_oauth_client_id`),
  CONSTRAINT `trusted_application_ibfk_1` FOREIGN KEY (`oauth_client_id`) REFERENCES `oauth_client` (`id`) ON DELETE CASCADE,
  CONSTRAINT `trusted_application_ibfk_2` FOREIGN KEY (`trusted_oauth_client_id`) REFERENCES `oauth_client` (`id`) ON DELETE CASCADE
) ENGINE=InnoDB DEFAULT CHARSET=latin1;
/*!40101 SET character_set_client = @saved_cs_client */;

--
-- Dumping data for table `trusted_application`
--

LOCK TABLES `trusted_application` WRITE;
/*!40000 ALTER TABLE `trusted_application` DISABLE KEYS */;
/*!40000 ALTER TABLE `trusted_application` ENABLE KEYS */;
UNLOCK TABLES;

--
-- Table structure for table `user`
--

DROP TABLE IF EXISTS `user`;
/*!40101 SET @saved_cs_client     = @@character_set_client */;
/*!40101 SET character_set_client = utf8 */;
CREATE TABLE `user` (
  `id` varchar(36) NOT NULL,
  `username` varchar(64) DEFAULT NULL,
  `description` text,
  `website` varchar(2000) DEFAULT NULL,
  `image` varchar(255) DEFAULT 'default',
  `gravatar` tinyint(1) DEFAULT '0',
  `email` varchar(255) DEFAULT NULL,
  `password` varchar(40) DEFAULT NULL,
  `date_password` datetime DEFAULT NULL,
  `enabled` tinyint(1) DEFAULT '0',
  `admin` tinyint(1) DEFAULT '0',
  `extra` json DEFAULT NULL,
  `scope` varchar(2000) DEFAULT NULL,
  `starters_tour_ended` tinyint(1) DEFAULT '0',
  `eidas_id` varchar(255) DEFAULT NULL,
  `salt` varchar(255) DEFAULT NULL,
  PRIMARY KEY (`id`),
  UNIQUE KEY `id` (`id`),
  UNIQUE KEY `email` (`email`)
) ENGINE=InnoDB DEFAULT CHARSET=latin1;
/*!40101 SET character_set_client = @saved_cs_client */;

--
-- Dumping data for table `user`
--

LOCK TABLES `user` WRITE;
/*!40000 ALTER TABLE `user` DISABLE KEYS */;
INSERT INTO `user` VALUES ('400e4554-61ff-44e2-a38a-1a0b630b26dd','User',NULL,NULL,'default',0,'user@test.com','b124369259d1e4c31d61be697e39d6d3f49bdff2','2022-12-13 08:37:56',1,0,NULL,NULL,0,NULL,'03849d332ce2f635'),('admin','admin',NULL,NULL,'default',0,'admin@test.com','caadc6d33f185f82b2fdd3d3eb924a1bd2ca117c','2022-12-13 08:37:10',1,1,NULL,NULL,0,NULL,'a9a1b8601220bb89'),('bf39d703-7bd7-4803-904b-a870f6081ded','ProductSeller',NULL,NULL,'default',0,'productseller@test.com','9bc4aaf737b8e0d1c6b56dc81c519c301f555b37','2022-12-13 08:37:56',1,0,NULL,NULL,0,NULL,'e54cde31b3903989'),('e1ef7b6b-a51d-45d5-965b-0672e5128d34','Admin',NULL,NULL,'default',0,'admin1@test.com','b8f645051dc9fbf2c67b280de628c6489b14aeb5','2022-12-13 08:37:56',1,0,NULL,NULL,0,NULL,'3987d4f1d3bd8641');
/*!40000 ALTER TABLE `user` ENABLE KEYS */;
UNLOCK TABLES;

--
-- Table structure for table `user_authorized_application`
--

DROP TABLE IF EXISTS `user_authorized_application`;
/*!40101 SET @saved_cs_client     = @@character_set_client */;
/*!40101 SET character_set_client = utf8 */;
CREATE TABLE `user_authorized_application` (
  `id` int(11) NOT NULL AUTO_INCREMENT,
  `user_id` varchar(36) DEFAULT NULL,
  `oauth_client_id` varchar(36) DEFAULT NULL,
  PRIMARY KEY (`id`),
  KEY `user_id` (`user_id`),
  KEY `oauth_client_id` (`oauth_client_id`),
  CONSTRAINT `user_authorized_application_ibfk_1` FOREIGN KEY (`user_id`) REFERENCES `user` (`id`) ON DELETE CASCADE,
  CONSTRAINT `user_authorized_application_ibfk_2` FOREIGN KEY (`oauth_client_id`) REFERENCES `oauth_client` (`id`) ON DELETE CASCADE
) ENGINE=InnoDB DEFAULT CHARSET=latin1;
/*!40101 SET character_set_client = @saved_cs_client */;

--
-- Dumping data for table `user_authorized_application`
--

LOCK TABLES `user_authorized_application` WRITE;
/*!40000 ALTER TABLE `user_authorized_application` DISABLE KEYS */;
/*!40000 ALTER TABLE `user_authorized_application` ENABLE KEYS */;
UNLOCK TABLES;

--
-- Table structure for table `user_organization`
--

DROP TABLE IF EXISTS `user_organization`;
/*!40101 SET @saved_cs_client     = @@character_set_client */;
/*!40101 SET character_set_client = utf8 */;
CREATE TABLE `user_organization` (
  `id` int(11) NOT NULL AUTO_INCREMENT,
  `role` varchar(10) DEFAULT NULL,
  `user_id` varchar(36) DEFAULT NULL,
  `organization_id` varchar(36) DEFAULT NULL,
  PRIMARY KEY (`id`),
  KEY `user_id` (`user_id`),
  KEY `organization_id` (`organization_id`),
  CONSTRAINT `user_organization_ibfk_1` FOREIGN KEY (`user_id`) REFERENCES `user` (`id`) ON DELETE CASCADE,
  CONSTRAINT `user_organization_ibfk_2` FOREIGN KEY (`organization_id`) REFERENCES `organization` (`id`) ON DELETE CASCADE
) ENGINE=InnoDB DEFAULT CHARSET=latin1;
/*!40101 SET character_set_client = @saved_cs_client */;

--
-- Dumping data for table `user_organization`
--

LOCK TABLES `user_organization` WRITE;
/*!40000 ALTER TABLE `user_organization` DISABLE KEYS */;
/*!40000 ALTER TABLE `user_organization` ENABLE KEYS */;
UNLOCK TABLES;

--
-- Table structure for table `user_registration_profile`
--

DROP TABLE IF EXISTS `user_registration_profile`;
/*!40101 SET @saved_cs_client     = @@character_set_client */;
/*!40101 SET character_set_client = utf8 */;
CREATE TABLE `user_registration_profile` (
  `id` int(11) NOT NULL AUTO_INCREMENT,
  `activation_key` varchar(255) DEFAULT NULL,
  `activation_expires` datetime DEFAULT NULL,
  `reset_key` varchar(255) DEFAULT NULL,
  `reset_expires` datetime DEFAULT NULL,
  `verification_key` varchar(255) DEFAULT NULL,
  `verification_expires` datetime DEFAULT NULL,
  `user_email` varchar(255) DEFAULT NULL,
  PRIMARY KEY (`id`),
  KEY `user_email` (`user_email`),
  CONSTRAINT `user_registration_profile_ibfk_1` FOREIGN KEY (`user_email`) REFERENCES `user` (`email`) ON DELETE CASCADE ON UPDATE CASCADE
) ENGINE=InnoDB DEFAULT CHARSET=latin1;
/*!40101 SET character_set_client = @saved_cs_client */;

--
-- Dumping data for table `user_registration_profile`
--

LOCK TABLES `user_registration_profile` WRITE;
/*!40000 ALTER TABLE `user_registration_profile` DISABLE KEYS */;
/*!40000 ALTER TABLE `user_registration_profile` ENABLE KEYS */;
UNLOCK TABLES;
/*!40103 SET TIME_ZONE=@OLD_TIME_ZONE */;

/*!40101 SET SQL_MODE=@OLD_SQL_MODE */;
/*!40014 SET FOREIGN_KEY_CHECKS=@OLD_FOREIGN_KEY_CHECKS */;
/*!40014 SET UNIQUE_CHECKS=@OLD_UNIQUE_CHECKS */;
/*!40101 SET CHARACTER_SET_CLIENT=@OLD_CHARACTER_SET_CLIENT */;
/*!40101 SET CHARACTER_SET_RESULTS=@OLD_CHARACTER_SET_RESULTS */;
/*!40101 SET COLLATION_CONNECTION=@OLD_COLLATION_CONNECTION */;
/*!40111 SET SQL_NOTES=@OLD_SQL_NOTES */;

-- Dump completed on 2022-12-13  8:50:25
